{"data":{"jobs":{"edges":[{"node":{"frontmatter":{"title":"Senior Software Engineer","company":"Yara International","location":"Bengaluru, India","range":"Sep 2020 - Present","url":"https://www.yara.com/"},"html":"<ul>\n<li>Engineered and maintained major features of YC Mobile applicaiton using React-Native, Auth0 &#x26; Node.JS</li>\n<li>Implemented the Whatsapp business platform for Farmers to communicate with Retailers using MessageBird</li>\n<li>Working to scale the e-commerce platform to support multiple countries - India, Kenya, Indonesia &#x26; Thailand</li>\n</ul>"}},{"node":{"frontmatter":{"title":"Technical Lead","company":"Pyramid","location":"Noida, India","range":"January 2015 - September 2020","url":"https://www.pyramidci.com/solutions"},"html":"<ul>\n<li>Architected &#x26; implemented the Banking (Money Transfer) Android application for Intercambio using the techstack (MVP, Rx-Android, Retrofit)</li>\n<li>Architected &#x26; implemented the Online shopping (Pharma &#x26; Healthcare products) Android application for JustRelief using the techstack (MVVM, Rx-Android, Retrofit)</li>\n<li>Developed the android application for Recruiters and support the multi authorization role.</li>\n<li>Designed &#x26; implemented the Backend APIs on Hibernate and Azure functions</li>\n</ul>"}},{"node":{"frontmatter":{"title":"Consultant","company":"Capgemini","location":"Bengaluru, India","range":"December 2013 - January 2015","url":"https://www.capgemini.com/"},"html":"<ul>\n<li>Worked on a big e-commerce platform 'carrefour' to developed a Android mobile application</li>\n<li>Learned IBM Worklight (MobileFirst) and implemented the MVP mobile(android &#x26; iOS) application for CaixaBank</li>\n</ul>"}},{"node":{"frontmatter":{"title":"Lead Android","company":"Azuyo","location":"Bengaluru, India","range":"September 2012 - December 2013","url":""},"html":"<ul>\n<li>Architected and implemented the e-commerce Android mobile application - SeeNShop</li>\n<li>Architected and implemented the e-commerce Android mobile application - HappyBeing</li>\n<li>Worked on Socket (Zeromq) &#x26; Social platform integration</li>\n</ul>"}},{"node":{"frontmatter":{"title":"Software Developer","company":"3DSoC","location":"Bengaluru, India","range":"January 2011 - September 2012","url":""},"html":"<ul>\n<li>Worked on J2ME symbian mobile application</li>\n<li>Build the interactive UI for the whole application using LWUIT</li>\n<li>Learned Android &#x26; worked on Android Canvas to display 3D models</li>\n<li>Worked on two beautifull applications - Cardzcreator &#x26; Prankle</li>\n</ul>"}}]}}}