{"polyfill":["/polyfill-f4e05b864c9bf93fe2ca.js"],"app":["/app-4863365606f97ed487a4.js"],"component---cache-caches-gatsby-plugin-offline-app-shell-js":["/component---cache-caches-gatsby-plugin-offline-app-shell-js-50fcc746a3b9bd6c1224.js"],"component---src-pages-404-js":["/component---src-pages-404-js-8d87be5f7995e29e1b3e.js"],"component---src-pages-archive-js":["/component---src-pages-archive-js-7d00bdd05ab286024bf0.js"],"component---src-pages-index-js":["/component---src-pages-index-js-e0d57e6779aaa6bb8ba2.js"],"component---src-pages-pensieve-index-js":["/component---src-pages-pensieve-index-js-cb99cd6d1dde9cd4579a.js"],"component---src-pages-pensieve-tags-js":["/component---src-pages-pensieve-tags-js-db027d6bb7e9729839f9.js"],"component---src-templates-post-js":["/component---src-templates-post-js-6f6dcb95f8ccabc76fb8.js"],"component---src-templates-tag-js":["/component---src-templates-tag-js-3c830ebe5edf34918cb2.js"]}