{"namedChunkGroups":{"polyfill":{"name":"polyfill","assets":[{"name":"webpack-runtime-0d29bfaacce22a8184a6.js","size":4202},{"name":"polyfill-f4e05b864c9bf93fe2ca.js","size":93435}],"filteredAssets":0,"assetsSize":97637,"filteredAuxiliaryAssets":2,"auxiliaryAssetsSize":268367},"app":{"name":"app","assets":[{"name":"webpack-runtime-0d29bfaacce22a8184a6.js","size":4202},{"name":"framework-aa35e29fbb74d6100667.js","size":129901},{"name":"app-4863365606f97ed487a4.js","size":72321}],"filteredAssets":0,"assetsSize":206424,"filteredAuxiliaryAssets":3,"auxiliaryAssetsSize":659373},"component---cache-caches-gatsby-plugin-offline-app-shell-js":{"name":"component---cache-caches-gatsby-plugin-offline-app-shell-js","assets":[{"name":"component---cache-caches-gatsby-plugin-offline-app-shell-js-50fcc746a3b9bd6c1224.js","size":495}],"filteredAssets":0,"assetsSize":495,"filteredAuxiliaryAssets":1,"auxiliaryAssetsSize":1629},"component---src-pages-404-js":{"name":"component---src-pages-404-js","assets":[{"name":"546641dfde76ed00139ea2c3eae09499c5f2164a-bf76283db396462f7f99.js","size":164520},{"name":"component---src-pages-404-js-8d87be5f7995e29e1b3e.js","size":1536}],"filteredAssets":0,"assetsSize":166056,"filteredAuxiliaryAssets":22,"auxiliaryAssetsSize":1264510},"component---src-pages-archive-js":{"name":"component---src-pages-archive-js","assets":[{"name":"546641dfde76ed00139ea2c3eae09499c5f2164a-bf76283db396462f7f99.js","size":164520},{"name":"component---src-pages-archive-js-7d00bdd05ab286024bf0.js","size":3778}],"filteredAssets":0,"assetsSize":168298,"filteredAuxiliaryAssets":22,"auxiliaryAssetsSize":1270469},"component---src-pages-index-js":{"name":"component---src-pages-index-js","assets":[{"name":"546641dfde76ed00139ea2c3eae09499c5f2164a-bf76283db396462f7f99.js","size":164520},{"name":"component---src-pages-index-js-e0d57e6779aaa6bb8ba2.js","size":625}],"filteredAssets":0,"assetsSize":165145,"filteredAuxiliaryAssets":22,"auxiliaryAssetsSize":1262397},"component---src-pages-pensieve-index-js":{"name":"component---src-pages-pensieve-index-js","assets":[{"name":"546641dfde76ed00139ea2c3eae09499c5f2164a-bf76283db396462f7f99.js","size":164520},{"name":"component---src-pages-pensieve-index-js-cb99cd6d1dde9cd4579a.js","size":9184}],"filteredAssets":0,"assetsSize":173704,"filteredAuxiliaryAssets":22,"auxiliaryAssetsSize":1297302},"component---src-pages-pensieve-tags-js":{"name":"component---src-pages-pensieve-tags-js","assets":[{"name":"546641dfde76ed00139ea2c3eae09499c5f2164a-bf76283db396462f7f99.js","size":164520},{"name":"component---src-pages-pensieve-tags-js-db027d6bb7e9729839f9.js","size":6769}],"filteredAssets":0,"assetsSize":171289,"filteredAuxiliaryAssets":22,"auxiliaryAssetsSize":1293006},"component---src-templates-post-js":{"name":"component---src-templates-post-js","assets":[{"name":"546641dfde76ed00139ea2c3eae09499c5f2164a-bf76283db396462f7f99.js","size":164520},{"name":"component---src-templates-post-js-6f6dcb95f8ccabc76fb8.js","size":7357}],"filteredAssets":0,"assetsSize":171877,"filteredAuxiliaryAssets":22,"auxiliaryAssetsSize":1293930},"component---src-templates-tag-js":{"name":"component---src-templates-tag-js","assets":[{"name":"546641dfde76ed00139ea2c3eae09499c5f2164a-bf76283db396462f7f99.js","size":164520},{"name":"component---src-templates-tag-js-3c830ebe5edf34918cb2.js","size":7326}],"filteredAssets":0,"assetsSize":171846,"filteredAuxiliaryAssets":22,"auxiliaryAssetsSize":1294959}},"assetsByChunkName":{"polyfill":["webpack-runtime-0d29bfaacce22a8184a6.js","polyfill-f4e05b864c9bf93fe2ca.js"],"app":["webpack-runtime-0d29bfaacce22a8184a6.js","framework-aa35e29fbb74d6100667.js","app-4863365606f97ed487a4.js"],"component---cache-caches-gatsby-plugin-offline-app-shell-js":["component---cache-caches-gatsby-plugin-offline-app-shell-js-50fcc746a3b9bd6c1224.js"],"component---src-pages-404-js":["546641dfde76ed00139ea2c3eae09499c5f2164a-bf76283db396462f7f99.js","component---src-pages-404-js-8d87be5f7995e29e1b3e.js"],"component---src-pages-archive-js":["546641dfde76ed00139ea2c3eae09499c5f2164a-bf76283db396462f7f99.js","component---src-pages-archive-js-7d00bdd05ab286024bf0.js"],"component---src-pages-index-js":["546641dfde76ed00139ea2c3eae09499c5f2164a-bf76283db396462f7f99.js","component---src-pages-index-js-e0d57e6779aaa6bb8ba2.js"],"component---src-pages-pensieve-index-js":["546641dfde76ed00139ea2c3eae09499c5f2164a-bf76283db396462f7f99.js","component---src-pages-pensieve-index-js-cb99cd6d1dde9cd4579a.js"],"component---src-pages-pensieve-tags-js":["546641dfde76ed00139ea2c3eae09499c5f2164a-bf76283db396462f7f99.js","component---src-pages-pensieve-tags-js-db027d6bb7e9729839f9.js"],"component---src-templates-post-js":["546641dfde76ed00139ea2c3eae09499c5f2164a-bf76283db396462f7f99.js","component---src-templates-post-js-6f6dcb95f8ccabc76fb8.js"],"component---src-templates-tag-js":["546641dfde76ed00139ea2c3eae09499c5f2164a-bf76283db396462f7f99.js","component---src-templates-tag-js-3c830ebe5edf34918cb2.js"]},"childAssetsByChunkName":{}}